City,Latitude,Longitude,Date,Predicted_Flood_Risk,Flood_Probability,Risk_Category,Confidence,Weather_Precip,Max_Reservoir_Fill,Prediction_Generated,explanation
Pune,18.5204,73.8567,2025-08-20,0,0.19976228394888632,Low,High,10.7,6.564285714285721,2025-08-20 13:23,Normal conditions
Pune,18.5204,73.8567,2025-08-21,0,0.2354528649491859,Medium,High,0.2,8.128571428571442,2025-08-20 13:23,Normal conditions
Pune,18.5204,73.8567,2025-08-22,0,0.2155059247597047,Medium,High,0.0,9.692857142857163,2025-08-20 13:23,Normal conditions
Pune,18.5204,73.8567,2025-08-23,0,0.22470246428721383,Medium,High,0.0,11.257142857142885,2025-08-20 13:23,Normal conditions
Pune,18.5204,73.8567,2025-08-24,0,0.20364317966166548,Medium,High,0.0,12.821428571428605,2025-08-20 13:23,Normal conditions
Pune,18.5204,73.8567,2025-08-25,0,0.23504732068911285,Medium,High,0.9,14.385714285714325,2025-08-20 13:23,Normal conditions
Pune,18.5204,73.8567,2025-08-26,0,0.22731500104135893,Medium,High,2.4,15.950000000000047,2025-08-20 13:23,Normal conditions
Kolhapur,16.705,74.2433,2025-08-20,0,0.23609706429357155,Medium,High,6.6,7.941428571428572,2025-08-20 13:23,Normal conditions
Kolhapur,16.705,74.2433,2025-08-21,0,0.19681278541482208,Low,High,0.0,10.882857142857144,2025-08-20 13:23,Normal conditions
Kolhapur,16.705,74.2433,2025-08-22,0,0.1922624837164113,Low,High,0.0,13.824285714285717,2025-08-20 13:23,Normal conditions
Kolhapur,16.705,74.2433,2025-08-23,0,0.12050656749218366,Low,High,0.0,16.76571428571429,2025-08-20 13:23,Normal conditions
Kolhapur,16.705,74.2433,2025-08-24,0,0.15022655923464015,Low,High,0.0,19.70714285714286,2025-08-20 13:23,Normal conditions
Kolhapur,16.705,74.2433,2025-08-25,0,0.12418306389143709,Low,High,0.0,22.648571428571433,2025-08-20 13:23,Normal conditions
Kolhapur,16.705,74.2433,2025-08-26,0,0.13968007622123627,Low,High,3.6,25.590000000000003,2025-08-20 13:23,Normal conditions
Nashik,19.9975,73.7898,2025-08-20,0,0.20779140523310846,Medium,High,3.0,15.152857142857137,2025-08-20 13:23,Normal conditions
Nashik,19.9975,73.7898,2025-08-21,0,0.18524993219143787,Low,High,0.2,25.305714285714274,2025-08-20 13:23,Normal conditions
Nashik,19.9975,73.7898,2025-08-22,0,0.13143129010564314,Low,High,0.6,35.45857142857142,2025-08-20 13:23,Normal conditions
Nashik,19.9975,73.7898,2025-08-23,0,0.09307110920820895,Low,High,0.8,45.61142857142855,2025-08-20 13:23,Normal conditions
Nashik,19.9975,73.7898,2025-08-24,0,0.07232315513505767,Low,High,0.6,55.76428571428569,2025-08-20 13:23,Normal conditions
Nashik,19.9975,73.7898,2025-08-25,0,0.05496724272868619,Low,High,2.1,65.91714285714284,2025-08-20 13:23,Normal conditions
Nashik,19.9975,73.7898,2025-08-26,0,0.0070818948983505945,Low,High,11.4,76.06999999999996,2025-08-20 13:23,Reservoir high 76.1%
Thane,19.2183,72.9781,2025-08-20,0,0.34496739164599716,Medium,Medium,53.1,11.488571428571436,2025-08-20 13:23,Moderate rainfall 53.1mm
Thane,19.2183,72.9781,2025-08-21,0,0.2097594529385183,Medium,High,8.3,17.977142857142873,2025-08-20 13:23,Normal conditions
Thane,19.2183,72.9781,2025-08-22,0,0.19985882670530344,Low,High,5.0,24.465714285714313,2025-08-20 13:23,Normal conditions
Thane,19.2183,72.9781,2025-08-23,0,0.1445213963568938,Low,High,7.5,30.95428571428575,2025-08-20 13:23,Normal conditions
Thane,19.2183,72.9781,2025-08-24,0,0.16197373585168204,Low,High,5.7,37.442857142857186,2025-08-20 13:23,Normal conditions
Thane,19.2183,72.9781,2025-08-25,0,0.14144459879243848,Low,High,18.9,43.931428571428626,2025-08-20 13:23,Normal conditions
Thane,19.2183,72.9781,2025-08-26,0,0.22472392989818626,Medium,High,59.7,50.42000000000006,2025-08-20 13:23,Moderate rainfall 59.7mm
Solapur,17.6599,75.9064,2025-08-20,0,0.23020494728064728,Medium,High,1.4,8.18,2025-08-20 13:23,Normal conditions
Solapur,17.6599,75.9064,2025-08-21,0,0.21926060014142068,Medium,High,0.4,11.360000000000001,2025-08-20 13:23,Normal conditions
Solapur,17.6599,75.9064,2025-08-22,0,0.22330765206547548,Medium,High,0.0,14.540000000000001,2025-08-20 13:23,Normal conditions
Solapur,17.6599,75.9064,2025-08-23,0,0.15743982410898455,Low,High,0.3,17.720000000000002,2025-08-20 13:23,Normal conditions
Solapur,17.6599,75.9064,2025-08-24,0,0.16180287309779812,Low,High,0.0,20.900000000000002,2025-08-20 13:23,Normal conditions
Solapur,17.6599,75.9064,2025-08-25,0,0.16987462449361307,Low,High,0.0,24.080000000000002,2025-08-20 13:23,Normal conditions
Solapur,17.6599,75.9064,2025-08-26,0,0.20697056918858445,Medium,High,2.1,27.26,2025-08-20 13:23,Normal conditions
Satara,17.6805,74.0183,2025-08-20,0,0.23366368672240262,Medium,High,19.1,12.555714285714284,2025-08-20 13:23,Normal conditions
Satara,17.6805,74.0183,2025-08-21,0,0.17687795916550775,Low,High,0.5,20.11142857142857,2025-08-20 13:23,Normal conditions
Satara,17.6805,74.0183,2025-08-22,0,0.2058357609871286,Medium,High,0.7,27.667142857142856,2025-08-20 13:23,Normal conditions
Satara,17.6805,74.0183,2025-08-23,0,0.10051884337531983,Low,High,0.0,35.22285714285714,2025-08-20 13:23,Normal conditions
Satara,17.6805,74.0183,2025-08-24,0,0.08254199030066628,Low,High,0.0,42.778571428571425,2025-08-20 13:23,Normal conditions
Satara,17.6805,74.0183,2025-08-25,0,0.0865890422247211,Low,High,0.6,50.33428571428571,2025-08-20 13:23,Normal conditions
Satara,17.6805,74.0183,2025-08-26,0,0.06607171670007493,Low,High,6.0,57.88999999999999,2025-08-20 13:23,Normal conditions
Sindhudurg,16.0667,73.5,2025-08-20,0,0.2529734160743066,Medium,High,37.4,5.317142857142856,2025-08-20 13:23,Normal conditions
Sindhudurg,16.0667,73.5,2025-08-21,0,0.24046255294543253,Medium,High,11.3,5.634285714285712,2025-08-20 13:23,Normal conditions
Sindhudurg,16.0667,73.5,2025-08-22,0,0.2770068267107105,Medium,High,4.8,5.951428571428567,2025-08-20 13:23,Normal conditions
Sindhudurg,16.0667,73.5,2025-08-23,0,0.307090168620413,Medium,Medium,4.7,6.2685714285714225,2025-08-20 13:23,Normal conditions
Sindhudurg,16.0667,73.5,2025-08-24,0,0.26712921961209923,Medium,High,2.7,6.585714285714278,2025-08-20 13:23,Normal conditions
Sindhudurg,16.0667,73.5,2025-08-25,0,0.2704467551571229,Medium,High,5.7,6.902857142857134,2025-08-20 13:23,Normal conditions
Sindhudurg,16.0667,73.5,2025-08-26,0,0.27662952715013506,Medium,High,51.3,7.21999999999999,2025-08-20 13:23,Moderate rainfall 51.3mm
Palghar,19.6967,72.7661,2025-08-20,0,0.2806446786652866,Medium,High,51.1,5.0,2025-08-20 13:23,Moderate rainfall 51.1mm
Palghar,19.6967,72.7661,2025-08-21,0,0.25297341607430657,Medium,High,20.8,5.0,2025-08-20 13:23,Normal conditions
Palghar,19.6967,72.7661,2025-08-22,0,0.2304186701300362,Medium,High,9.9,5.0,2025-08-20 13:23,Normal conditions
Palghar,19.6967,72.7661,2025-08-23,0,0.23656801127205662,Medium,High,13.1,5.0,2025-08-20 13:23,Normal conditions
Palghar,19.6967,72.7661,2025-08-24,0,0.2432346779387233,Medium,High,14.7,5.0,2025-08-20 13:23,Normal conditions
Palghar,19.6967,72.7661,2025-08-25,0,0.2957367129806207,Medium,High,54.0,5.0,2025-08-20 13:23,Moderate rainfall 54.0mm
Palghar,19.6967,72.7661,2025-08-26,0,0.3532191962641216,High,Low,64.5,5.0,2025-08-20 13:23,Moderate rainfall 64.5mm
Ahmednagar,19.0948,74.748,2025-08-20,0,0.09907151597869959,Low,High,1.3,32.85,2025-08-20 13:23,Normal conditions
Ahmednagar,19.0948,74.748,2025-08-21,0,0.11732808173249787,Low,High,0.0,30.740000000000002,2025-08-20 13:23,Normal conditions
Ahmednagar,19.0948,74.748,2025-08-22,0,0.11732808173249787,Low,High,0.0,28.630000000000006,2025-08-20 13:23,Normal conditions
Ahmednagar,19.0948,74.748,2025-08-23,0,0.22198315530607288,Medium,High,0.0,26.520000000000007,2025-08-20 13:23,Normal conditions
Ahmednagar,19.0948,74.748,2025-08-24,0,0.17603999323111635,Low,High,0.0,24.410000000000007,2025-08-20 13:23,Normal conditions
Ahmednagar,19.0948,74.748,2025-08-25,0,0.149447116233896,Low,High,0.0,22.300000000000008,2025-08-20 13:23,Normal conditions
Ahmednagar,19.0948,74.748,2025-08-26,0,0.14232204341614277,Low,High,6.3,20.190000000000012,2025-08-20 13:23,Normal conditions
Jalgaon,21.0077,75.5626,2025-08-20,0,0.17918325835518625,Low,High,6.2,20.185714285714283,2025-08-20 13:23,Normal conditions
Jalgaon,21.0077,75.5626,2025-08-21,0,0.13068179607107738,Low,High,1.3,35.37142857142857,2025-08-20 13:23,Normal conditions
Jalgaon,21.0077,75.5626,2025-08-22,0,0.10900407962861951,Low,High,0.0,50.55714285714286,2025-08-20 13:23,Normal conditions
Jalgaon,21.0077,75.5626,2025-08-23,0,0.02815345955193216,Low,High,0.0,65.74285714285713,2025-08-20 13:23,Normal conditions
Jalgaon,21.0077,75.5626,2025-08-24,0,0.049351977102281584,Low,High,2.1,80.92857142857143,2025-08-20 13:23,Reservoir high 80.9%
Jalgaon,21.0077,75.5626,2025-08-25,0,0.01578389852339588,High,High,6.6,96.11428571428571,2025-08-20 13:23,Reservoir critical 96.1%
Jalgaon,21.0077,75.5626,2025-08-26,0,0.023651779237164723,High,High,13.2,100.0,2025-08-20 13:23,Reservoir critical 100.0%
Bhiwandi,19.3002,73.0502,2025-08-20,0,0.34496739164599716,Medium,Medium,53.1,11.488571428571436,2025-08-20 13:23,Moderate rainfall 53.1mm
Bhiwandi,19.3002,73.0502,2025-08-21,0,0.2097594529385183,Medium,High,8.3,17.977142857142873,2025-08-20 13:23,Normal conditions
Bhiwandi,19.3002,73.0502,2025-08-22,0,0.19985882670530344,Low,High,5.0,24.465714285714313,2025-08-20 13:23,Normal conditions
Bhiwandi,19.3002,73.0502,2025-08-23,0,0.1445213963568938,Low,High,7.5,30.95428571428575,2025-08-20 13:23,Normal conditions
Bhiwandi,19.3002,73.0502,2025-08-24,0,0.16197373585168204,Low,High,5.7,37.442857142857186,2025-08-20 13:23,Normal conditions
Bhiwandi,19.3002,73.0502,2025-08-25,0,0.14144459879243848,Low,High,18.9,43.931428571428626,2025-08-20 13:23,Normal conditions
Bhiwandi,19.3002,73.0502,2025-08-26,0,0.22472392989818626,Medium,High,59.7,50.42000000000006,2025-08-20 13:23,Moderate rainfall 59.7mm
Kalyan,19.2437,73.1355,2025-08-20,0,0.26973408384218145,Medium,High,52.5,11.488571428571436,2025-08-20 13:23,Moderate rainfall 52.5mm
Kalyan,19.2437,73.1355,2025-08-21,0,0.17967611102881575,Low,High,6.4,17.977142857142873,2025-08-20 13:23,Normal conditions
Kalyan,19.2437,73.1355,2025-08-22,0,0.18760674199716257,Low,High,2.2,24.465714285714313,2025-08-20 13:23,Normal conditions
Kalyan,19.2437,73.1355,2025-08-23,0,0.1169264851715942,Low,High,6.1,30.95428571428575,2025-08-20 13:23,Normal conditions
Kalyan,19.2437,73.1355,2025-08-24,0,0.1454442755032653,Low,High,5.1,37.442857142857186,2025-08-20 13:23,Normal conditions
Kalyan,19.2437,73.1355,2025-08-25,0,0.10275264119363679,Low,High,14.7,43.931428571428626,2025-08-20 13:23,Normal conditions
Kalyan,19.2437,73.1355,2025-08-26,0,0.21873967018507623,Medium,High,49.2,50.42000000000006,2025-08-20 13:23,Moderate rainfall 49.2mm
Dombivli,19.2183,73.0868,2025-08-20,0,0.26973408384218145,Medium,High,52.5,11.488571428571436,2025-08-20 13:23,Moderate rainfall 52.5mm
Dombivli,19.2183,73.0868,2025-08-21,0,0.17967611102881575,Low,High,6.4,17.977142857142873,2025-08-20 13:23,Normal conditions
Dombivli,19.2183,73.0868,2025-08-22,0,0.18760674199716257,Low,High,2.2,24.465714285714313,2025-08-20 13:23,Normal conditions
Dombivli,19.2183,73.0868,2025-08-23,0,0.1169264851715942,Low,High,6.1,30.95428571428575,2025-08-20 13:23,Normal conditions
Dombivli,19.2183,73.0868,2025-08-24,0,0.14544427550326527,Low,High,5.1,37.442857142857186,2025-08-20 13:23,Normal conditions
Dombivli,19.2183,73.0868,2025-08-25,0,0.10275264119363679,Low,High,14.7,43.931428571428626,2025-08-20 13:23,Normal conditions
Dombivli,19.2183,73.0868,2025-08-26,0,0.21873967018507623,Medium,High,49.2,50.42000000000006,2025-08-20 13:23,Moderate rainfall 49.2mm
Vasai,19.4667,72.8167,2025-08-20,0,0.2903794413961772,Medium,High,60.0,5.0,2025-08-20 13:23,Moderate rainfall 60.0mm
Vasai,19.4667,72.8167,2025-08-21,0,0.23029068421549165,Medium,High,13.7,5.0,2025-08-20 13:23,Normal conditions
Vasai,19.4667,72.8167,2025-08-22,0,0.2304186701300362,Medium,High,7.0,5.0,2025-08-20 13:23,Normal conditions
Vasai,19.4667,72.8167,2025-08-23,0,0.23041867013003614,Medium,High,10.2,5.0,2025-08-20 13:23,Normal conditions
Vasai,19.4667,72.8167,2025-08-24,0,0.2304186701300362,Medium,High,9.6,5.0,2025-08-20 13:23,Normal conditions
Vasai,19.4667,72.8167,2025-08-25,0,0.2596400827409733,Medium,High,38.4,5.0,2025-08-20 13:23,Normal conditions
Vasai,19.4667,72.8167,2025-08-26,0,0.3208936838047075,Medium,Low,78.3,5.0,2025-08-20 13:23,Moderate rainfall 78.3mm
Virar,19.4559,72.8111,2025-08-20,0,0.28731134533195324,Medium,High,52.2,5.0,2025-08-20 13:23,Moderate rainfall 52.2mm
Virar,19.4559,72.8111,2025-08-21,0,0.23656801127205662,Medium,High,17.7,5.0,2025-08-20 13:23,Normal conditions
Virar,19.4559,72.8111,2025-08-22,0,0.23708533679670288,Medium,High,8.5,5.0,2025-08-20 13:23,Normal conditions
Virar,19.4559,72.8111,2025-08-23,0,0.22745887861849487,Medium,High,9.5,5.0,2025-08-20 13:23,Normal conditions
Virar,19.4559,72.8111,2025-08-24,0,0.23708533679670288,Medium,High,9.9,5.0,2025-08-20 13:23,Normal conditions
Virar,19.4559,72.8111,2025-08-25,0,0.2817730263358438,Medium,High,44.7,5.0,2025-08-20 13:23,Moderate rainfall 44.7mm
Virar,19.4559,72.8111,2025-08-26,0,0.3253521485786297,Medium,Low,72.3,5.0,2025-08-20 13:23,Moderate rainfall 72.3mm
Ulhasnagar,19.2215,73.1645,2025-08-20,0,0.27640075050884816,Medium,High,52.5,0.0,2025-08-20 13:23,Moderate rainfall 52.5mm
Ulhasnagar,19.2215,73.1645,2025-08-21,0,0.2503401600440438,Medium,High,6.4,0.0,2025-08-20 13:23,Normal conditions
Ulhasnagar,19.2215,73.1645,2025-08-22,0,0.24143720645754593,Medium,High,2.2,0.0,2025-08-20 13:23,Normal conditions
Ulhasnagar,19.2215,73.1645,2025-08-23,0,0.2334270670405624,Medium,High,6.1,0.0,2025-08-20 13:23,Normal conditions
Ulhasnagar,19.2215,73.1645,2025-08-24,0,0.24117498233242154,Medium,High,5.1,0.0,2025-08-20 13:23,Normal conditions
Ulhasnagar,19.2215,73.1645,2025-08-25,0,0.24053655311011912,Medium,High,14.7,0.0,2025-08-20 13:23,Normal conditions
Ulhasnagar,19.2215,73.1645,2025-08-26,0,0.2643804141734616,Medium,High,49.2,0.0,2025-08-20 13:23,Moderate rainfall 49.2mm
Sangamner,19.5667,74.2167,2025-08-20,0,0.145075997024357,Low,High,7.8,28.52,2025-08-20 13:23,Normal conditions
Sangamner,19.5667,74.2167,2025-08-21,0,0.20937332656444968,Medium,High,2.2,24.61,2025-08-20 13:23,Normal conditions
Sangamner,19.5667,74.2167,2025-08-22,0,0.19687119542179926,Low,High,1.0,20.700000000000003,2025-08-20 13:23,Normal conditions
Sangamner,19.5667,74.2167,2025-08-23,0,0.16345299333795688,Low,High,0.3,16.790000000000003,2025-08-20 13:23,Normal conditions
Sangamner,19.5667,74.2167,2025-08-24,0,0.22989854271858642,Medium,High,0.3,12.880000000000003,2025-08-20 13:23,Normal conditions
Sangamner,19.5667,74.2167,2025-08-25,0,0.24003544420455228,Medium,High,1.8,8.970000000000002,2025-08-20 13:23,Normal conditions
Sangamner,19.5667,74.2167,2025-08-26,0,0.24209023611715103,Medium,High,20.7,5.060000000000004,2025-08-20 13:23,Normal conditions
Baramati,18.1518,74.5815,2025-08-20,0,0.22313273635390762,Medium,High,1.2,7.088571428571428,2025-08-20 13:23,Normal conditions
Baramati,18.1518,74.5815,2025-08-21,0,0.21687161394731394,Medium,High,0.0,9.177142857142856,2025-08-20 13:23,Normal conditions
Baramati,18.1518,74.5815,2025-08-22,0,0.22313273635390757,Medium,High,0.0,11.265714285714283,2025-08-20 13:23,Normal conditions
Baramati,18.1518,74.5815,2025-08-23,0,0.21738205725507187,Medium,High,0.0,13.354285714285712,2025-08-20 13:23,Normal conditions
Baramati,18.1518,74.5815,2025-08-24,0,0.23560506445771684,Medium,High,0.0,15.44285714285714,2025-08-20 13:23,Normal conditions
Baramati,18.1518,74.5815,2025-08-25,0,0.16528687909885584,Low,High,0.0,17.531428571428567,2025-08-20 13:23,Normal conditions
Baramati,18.1518,74.5815,2025-08-26,0,0.15017271981514235,Low,High,1.8,19.619999999999997,2025-08-20 13:23,Normal conditions
Hingoli,19.7167,77.15,2025-08-20,0,0.22995683222126317,Medium,High,4.1,5.0,2025-08-20 13:23,Normal conditions
Hingoli,19.7167,77.15,2025-08-21,0,0.22688741173562357,Medium,High,1.2,5.0,2025-08-20 13:23,Normal conditions
Hingoli,19.7167,77.15,2025-08-22,0,0.21259393347475403,Medium,High,0.0,5.0,2025-08-20 13:23,Normal conditions
Hingoli,19.7167,77.15,2025-08-23,0,0.23198263012988665,Medium,High,0.0,5.0,2025-08-20 13:23,Normal conditions
Hingoli,19.7167,77.15,2025-08-24,0,0.20592726680808734,Medium,High,0.0,5.0,2025-08-20 13:23,Normal conditions
Hingoli,19.7167,77.15,2025-08-25,0,0.20739785504338146,Medium,High,0.0,5.0,2025-08-20 13:23,Normal conditions
Hingoli,19.7167,77.15,2025-08-26,0,0.2245241134540645,Medium,High,3.9,5.0,2025-08-20 13:23,Normal conditions
Parbhani,19.2608,76.7701,2025-08-20,0,0.23573068471841546,Medium,High,2.2,5.0,2025-08-20 13:23,Normal conditions
Parbhani,19.2608,76.7701,2025-08-21,0,0.22245703198878813,Medium,High,0.4,5.0,2025-08-20 13:23,Normal conditions
Parbhani,19.2608,76.7701,2025-08-22,0,0.21483022039458527,Medium,High,0.0,5.0,2025-08-20 13:23,Normal conditions
Parbhani,19.2608,76.7701,2025-08-23,0,0.23102248520235047,Medium,High,0.0,5.0,2025-08-20 13:23,Normal conditions
Parbhani,19.2608,76.7701,2025-08-24,0,0.2293439420511232,Medium,High,0.3,5.0,2025-08-20 13:23,Normal conditions
Parbhani,19.2608,76.7701,2025-08-25,0,0.2243558185356838,Medium,High,1.2,5.0,2025-08-20 13:23,Normal conditions
Parbhani,19.2608,76.7701,2025-08-26,0,0.23510383434292043,Medium,High,13.2,5.0,2025-08-20 13:23,Normal conditions
Wardha,20.7453,78.6022,2025-08-20,0,0.2511681054152168,Medium,High,24.6,5.0,2025-08-20 13:23,Normal conditions
Wardha,20.7453,78.6022,2025-08-21,0,0.25130030497158,Medium,High,6.1,5.0,2025-08-20 13:23,Normal conditions
Wardha,20.7453,78.6022,2025-08-22,0,0.2560496597094761,Medium,High,0.0,5.0,2025-08-20 13:23,Normal conditions
Wardha,20.7453,78.6022,2025-08-23,0,0.24938299304280942,Medium,High,0.3,5.0,2025-08-20 13:23,Normal conditions
Wardha,20.7453,78.6022,2025-08-24,0,0.22770444989158223,Medium,High,0.6,5.0,2025-08-20 13:23,Normal conditions
Wardha,20.7453,78.6022,2025-08-25,0,0.23034016004404378,Medium,High,7.2,5.0,2025-08-20 13:23,Normal conditions
Wardha,20.7453,78.6022,2025-08-26,0,0.23215092504826737,Medium,High,4.8,5.0,2025-08-20 13:23,Normal conditions
Phaltan,17.9833,74.4333,2025-08-20,0,0.15083482228837772,Low,High,2.1,44.06285714285714,2025-08-20 13:23,Normal conditions
Phaltan,17.9833,74.4333,2025-08-21,0,0.020415228231683926,Low,High,0.0,83.12571428571428,2025-08-20 13:23,Reservoir high 83.1%
Phaltan,17.9833,74.4333,2025-08-22,0,0.020819024500068086,High,High,0.0,100.0,2025-08-20 13:23,Reservoir critical 100.0%
Phaltan,17.9833,74.4333,2025-08-23,0,0.0,High,High,0.0,100.0,2025-08-20 13:23,Reservoir critical 100.0%
Phaltan,17.9833,74.4333,2025-08-24,0,0.0,High,High,0.0,100.0,2025-08-20 13:23,Reservoir critical 100.0%
Phaltan,17.9833,74.4333,2025-08-25,0,0.0,High,High,0.0,100.0,2025-08-20 13:23,Reservoir critical 100.0%
Phaltan,17.9833,74.4333,2025-08-26,0,0.023603730561474346,High,High,0.6,100.0,2025-08-20 13:23,Reservoir critical 100.0%
Wai,17.95,73.8833,2025-08-20,0,0.3124862202940569,Medium,Medium,48.2,44.06285714285714,2025-08-20 13:23,Moderate rainfall 48.2mm
Wai,17.95,73.8833,2025-08-21,0,0.038286026499654194,Low,High,18.9,83.12571428571428,2025-08-20 13:23,Reservoir high 83.1%
Wai,17.95,73.8833,2025-08-22,0,0.032464490055145234,High,High,10.5,100.0,2025-08-20 13:23,Reservoir critical 100.0%
Wai,17.95,73.8833,2025-08-23,0,0.0249472033117912,High,High,8.0,100.0,2025-08-20 13:23,Reservoir critical 100.0%
Wai,17.95,73.8833,2025-08-24,0,0.0249472033117912,High,High,8.7,100.0,2025-08-20 13:23,Reservoir critical 100.0%
Wai,17.95,73.8833,2025-08-25,0,0.028034110308309792,High,High,16.5,100.0,2025-08-20 13:23,Reservoir critical 100.0%
Wai,17.95,73.8833,2025-08-26,0,0.016388644753232644,High,High,25.2,100.0,2025-08-20 13:23,Reservoir critical 100.0%
Mahabaleshwar,17.9167,73.65,2025-08-20,0,0.2387777260174076,Medium,High,51.4,44.06285714285714,2025-08-20 13:23,Moderate rainfall 51.4mm
Mahabaleshwar,17.9167,73.65,2025-08-21,0,0.014641375734531626,Low,High,15.7,83.12571428571428,2025-08-20 13:23,Reservoir high 83.1%
Mahabaleshwar,17.9167,73.65,2025-08-22,0,0.016388644753232644,High,High,4.5,100.0,2025-08-20 13:23,Reservoir critical 100.0%
Mahabaleshwar,17.9167,73.65,2025-08-23,0,0.017732117503549503,High,High,4.5,100.0,2025-08-20 13:23,Reservoir critical 100.0%
Mahabaleshwar,17.9167,73.65,2025-08-24,0,0.017732117503549503,High,High,9.6,100.0,2025-08-20 13:23,Reservoir critical 100.0%
Mahabaleshwar,17.9167,73.65,2025-08-25,0,0.02271091639195998,High,High,12.6,100.0,2025-08-20 13:23,Reservoir critical 100.0%
Mahabaleshwar,17.9167,73.65,2025-08-26,0,0.016388644753232644,High,High,21.9,100.0,2025-08-20 13:23,Reservoir critical 100.0%
Panchgani,17.9167,73.8,2025-08-20,0,0.24410091993375735,Medium,High,51.4,44.06285714285714,2025-08-20 13:23,Moderate rainfall 51.4mm
Panchgani,17.9167,73.8,2025-08-21,0,0.019964569650881437,Low,High,15.7,83.12571428571428,2025-08-20 13:23,Reservoir high 83.1%
Panchgani,17.9167,73.8,2025-08-22,0,0.016388644753232644,High,High,4.5,100.0,2025-08-20 13:23,Reservoir critical 100.0%
Panchgani,17.9167,73.8,2025-08-23,0,0.017732117503549503,High,High,4.5,100.0,2025-08-20 13:23,Reservoir critical 100.0%
Panchgani,17.9167,73.8,2025-08-24,0,0.017732117503549503,High,High,9.6,100.0,2025-08-20 13:23,Reservoir critical 100.0%
Panchgani,17.9167,73.8,2025-08-25,0,0.02271091639195998,High,High,12.6,100.0,2025-08-20 13:23,Reservoir critical 100.0%
Panchgani,17.9167,73.8,2025-08-26,0,0.016388644753232644,High,High,21.9,100.0,2025-08-20 13:23,Reservoir critical 100.0%
Lonavala,18.75,73.4167,2025-08-20,0,0.24819080239211477,Medium,High,58.0,7.088571428571428,2025-08-20 13:23,Moderate rainfall 58.0mm
Lonavala,18.75,73.4167,2025-08-21,0,0.2189808895054173,Medium,High,10.1,9.177142857142856,2025-08-20 13:23,Normal conditions
Lonavala,18.75,73.4167,2025-08-22,0,0.21342706704056236,Medium,High,4.7,11.265714285714283,2025-08-20 13:23,Normal conditions
Lonavala,18.75,73.4167,2025-08-23,0,0.2065854846623278,Medium,High,6.7,13.354285714285712,2025-08-20 13:23,Normal conditions
Lonavala,18.75,73.4167,2025-08-24,0,0.20923699981384294,Medium,High,6.6,15.44285714285714,2025-08-20 13:23,Normal conditions
Lonavala,18.75,73.4167,2025-08-25,0,0.1712868146661437,Low,High,18.3,17.531428571428567,2025-08-20 13:23,Normal conditions
Lonavala,18.75,73.4167,2025-08-26,0,0.21917261369775498,Medium,High,52.8,19.619999999999997,2025-08-20 13:23,Moderate rainfall 52.8mm
Khandala,18.7333,73.3833,2025-08-20,0,0.24819080239211477,Medium,High,58.0,7.088571428571428,2025-08-20 13:23,Moderate rainfall 58.0mm
Khandala,18.7333,73.3833,2025-08-21,0,0.2189808895054173,Medium,High,10.1,9.177142857142856,2025-08-20 13:23,Normal conditions
Khandala,18.7333,73.3833,2025-08-22,0,0.2085911430336539,Medium,High,4.7,11.265714285714283,2025-08-20 13:23,Normal conditions
Khandala,18.7333,73.3833,2025-08-23,0,0.2065854846623278,Medium,High,6.7,13.354285714285712,2025-08-20 13:23,Normal conditions
Khandala,18.7333,73.3833,2025-08-24,0,0.20923699981384294,Medium,High,6.6,15.44285714285714,2025-08-20 13:23,Normal conditions
Khandala,18.7333,73.3833,2025-08-25,0,0.1712868146661437,Low,High,18.3,17.531428571428567,2025-08-20 13:23,Normal conditions
Khandala,18.7333,73.3833,2025-08-26,0,0.21917261369775498,Medium,High,52.8,19.619999999999997,2025-08-20 13:23,Moderate rainfall 52.8mm
Talegaon,18.7333,73.6833,2025-08-20,0,0.2242170930134028,Medium,High,57.1,7.088571428571428,2025-08-20 13:23,Moderate rainfall 57.1mm
Talegaon,18.7333,73.6833,2025-08-21,0,0.2038564115487305,Medium,High,3.0,9.177142857142856,2025-08-20 13:23,Normal conditions
Talegaon,18.7333,73.6833,2025-08-22,0,0.19416127026330693,Low,High,0.1,11.265714285714283,2025-08-20 13:23,Normal conditions
Talegaon,18.7333,73.6833,2025-08-23,0,0.18215127014299307,Low,High,2.1,13.354285714285712,2025-08-20 13:23,Normal conditions
Talegaon,18.7333,73.6833,2025-08-24,0,0.17395385394039023,Low,High,0.6,15.44285714285714,2025-08-20 13:23,Normal conditions
Talegaon,18.7333,73.6833,2025-08-25,0,0.15214874396490907,Low,High,6.3,17.531428571428567,2025-08-20 13:23,Normal conditions
Talegaon,18.7333,73.6833,2025-08-26,0,0.13966312029491232,Low,High,35.1,19.619999999999997,2025-08-20 13:23,Normal conditions
Chakan,18.7667,73.8667,2025-08-20,0,0.20591162509090682,Medium,High,17.5,7.088571428571428,2025-08-20 13:23,Normal conditions
Chakan,18.7667,73.8667,2025-08-21,0,0.18901249229278047,Low,High,0.6,9.177142857142856,2025-08-20 13:23,Normal conditions
Chakan,18.7667,73.8667,2025-08-22,0,0.19914939377874635,Low,High,0.0,11.265714285714283,2025-08-20 13:23,Normal conditions
Chakan,18.7667,73.8667,2025-08-23,0,0.18901249229278047,Low,High,0.3,13.354285714285712,2025-08-20 13:23,Normal conditions
Chakan,18.7667,73.8667,2025-08-24,0,0.19385299390328076,Low,High,0.3,15.44285714285714,2025-08-20 13:23,Normal conditions
Chakan,18.7667,73.8667,2025-08-25,0,0.14644222222577863,Low,High,2.7,17.531428571428567,2025-08-20 13:23,Normal conditions
Chakan,18.7667,73.8667,2025-08-26,0,0.13077500223601637,Low,High,17.4,19.619999999999997,2025-08-20 13:23,Normal conditions
Dehu,18.7167,73.7667,2025-08-20,0,0.2540789149540865,Medium,High,34.9,7.088571428571428,2025-08-20 13:23,Normal conditions
Dehu,18.7167,73.7667,2025-08-21,0,0.18901249229278047,Low,High,0.4,9.177142857142856,2025-08-20 13:23,Normal conditions
Dehu,18.7167,73.7667,2025-08-22,0,0.19416127026330693,Low,High,0.0,11.265714285714283,2025-08-20 13:23,Normal conditions
Dehu,18.7167,73.7667,2025-08-23,0,0.20180090893026154,Medium,High,0.6,13.354285714285712,2025-08-20 13:23,Normal conditions
Dehu,18.7167,73.7667,2025-08-24,0,0.17395385394039026,Low,High,0.0,15.44285714285714,2025-08-20 13:23,Normal conditions
Dehu,18.7167,73.7667,2025-08-25,0,0.14216454175321872,Low,High,1.8,17.531428571428567,2025-08-20 13:23,Normal conditions
Dehu,18.7167,73.7667,2025-08-26,0,0.13966312029491232,Low,High,24.6,19.619999999999997,2025-08-20 13:23,Normal conditions
Alandi,18.6833,73.8833,2025-08-20,0,0.20591162509090682,Medium,High,14.4,7.088571428571428,2025-08-20 13:24,Normal conditions
Alandi,18.6833,73.8833,2025-08-21,0,0.2303137709502703,Medium,High,0.0,9.177142857142856,2025-08-20 13:24,Normal conditions
Alandi,18.6833,73.8833,2025-08-22,0,0.2283806540224462,Medium,High,0.0,11.265714285714283,2025-08-20 13:24,Normal conditions
Alandi,18.6833,73.8833,2025-08-23,0,0.22588339120343492,Medium,High,0.3,13.354285714285712,2025-08-20 13:24,Normal conditions
Alandi,18.6833,73.8833,2025-08-24,0,0.19794830324920581,Low,High,0.0,15.44285714285714,2025-08-20 13:24,Normal conditions
Alandi,18.6833,73.8833,2025-08-25,0,0.15958035735972542,Low,High,0.6,17.531428571428567,2025-08-20 13:24,Normal conditions
Alandi,18.6833,73.8833,2025-08-26,0,0.11487208743081062,Low,High,7.5,19.619999999999997,2025-08-20 13:24,Normal conditions
Saswad,18.35,73.9833,2025-08-20,0,0.23599496700060935,Medium,High,13.0,7.088571428571428,2025-08-20 13:24,Normal conditions
Saswad,18.35,73.9833,2025-08-21,0,0.18193059739442988,Low,High,0.0,9.177142857142856,2025-08-20 13:24,Normal conditions
Saswad,18.35,73.9833,2025-08-22,0,0.19478634478993279,Low,High,0.0,11.265714285714283,2025-08-20 13:24,Normal conditions
Saswad,18.35,73.9833,2025-08-23,0,0.18017176309628535,Low,High,0.0,13.354285714285712,2025-08-20 13:24,Normal conditions
Saswad,18.35,73.9833,2025-08-24,0,0.18859726406109656,Low,High,0.0,15.44285714285714,2025-08-20 13:24,Normal conditions
Saswad,18.35,73.9833,2025-08-25,0,0.13548504801380037,Low,High,0.0,17.531428571428567,2025-08-20 13:24,Normal conditions
Saswad,18.35,73.9833,2025-08-26,0,0.12909823493365832,Low,High,1.2,19.619999999999997,2025-08-20 13:24,Normal conditions
Bhor,18.15,73.8333,2025-08-20,0,0.22276373096023827,Medium,High,5.8,7.088571428571428,2025-08-20 13:24,Normal conditions
Bhor,18.15,73.8333,2025-08-21,0,0.20588339120343488,Medium,High,0.0,9.177142857142856,2025-08-20 13:24,Normal conditions
Bhor,18.15,73.8333,2025-08-22,0,0.19993512276045924,Low,High,0.0,11.265714285714283,2025-08-20 13:24,Normal conditions
Bhor,18.15,73.8333,2025-08-23,0,0.19213482963841763,Low,High,0.0,13.354285714285712,2025-08-20 13:24,Normal conditions
Bhor,18.15,73.8333,2025-08-24,0,0.19213482963841763,Low,High,0.0,15.44285714285714,2025-08-20 13:24,Normal conditions
Bhor,18.15,73.8333,2025-08-25,0,0.1523687739972064,Low,High,0.3,17.531428571428567,2025-08-20 13:24,Normal conditions
Bhor,18.15,73.8333,2025-08-26,0,0.11487208743081062,Low,High,1.2,19.619999999999997,2025-08-20 13:24,Normal conditions
Khed,18.0333,73.4,2025-08-20,0,0.24816292406806653,Medium,High,43.5,7.088571428571428,2025-08-20 13:24,Moderate rainfall 43.5mm
Khed,18.0333,73.4,2025-08-21,0,0.22637707255111508,Medium,High,11.4,9.177142857142856,2025-08-20 13:24,Normal conditions
Khed,18.0333,73.4,2025-08-22,0,0.21342706704056236,Medium,High,5.6,11.265714285714283,2025-08-20 13:24,Normal conditions
Khed,18.0333,73.4,2025-08-23,0,0.20810387312421255,Medium,High,6.8,13.354285714285712,2025-08-20 13:24,Normal conditions
Khed,18.0333,73.4,2025-08-24,0,0.20739005250411335,Medium,High,6.6,15.44285714285714,2025-08-20 13:24,Normal conditions
Khed,18.0333,73.4,2025-08-25,0,0.16149619846612245,Low,High,12.9,17.531428571428567,2025-08-20 13:24,Normal conditions
Khed,18.0333,73.4,2025-08-26,0,0.17701160514339714,Low,High,39.3,19.619999999999997,2025-08-20 13:24,Normal conditions
Rajgurunagar,18.8667,73.7667,2025-08-20,0,0.22898369655982345,Medium,High,37.3,7.088571428571428,2025-08-20 13:24,Normal conditions
Rajgurunagar,18.8667,73.7667,2025-08-21,0,0.19737052918342607,Low,High,1.2,9.177142857142856,2025-08-20 13:24,Normal conditions
Rajgurunagar,18.8667,73.7667,2025-08-22,0,0.17758567763276112,Low,High,0.0,11.265714285714283,2025-08-20 13:24,Normal conditions
Rajgurunagar,18.8667,73.7667,2025-08-23,0,0.20691141813634578,Medium,High,2.5,13.354285714285712,2025-08-20 13:24,Normal conditions
Rajgurunagar,18.8667,73.7667,2025-08-24,0,0.19238240566798667,Low,High,0.3,15.44285714285714,2025-08-20 13:24,Normal conditions
Rajgurunagar,18.8667,73.7667,2025-08-25,0,0.1498121356009848,Low,High,3.0,17.531428571428567,2025-08-20 13:24,Normal conditions
Rajgurunagar,18.8667,73.7667,2025-08-26,0,0.12102142857283113,Low,High,16.5,19.619999999999997,2025-08-20 13:24,Normal conditions
Ambegaon,19.0,73.7167,2025-08-20,0,0.22898369655982345,Medium,High,37.3,7.088571428571428,2025-08-20 13:24,Normal conditions
Ambegaon,19.0,73.7167,2025-08-21,0,0.2018009089302615,Medium,High,1.2,9.177142857142856,2025-08-20 13:24,Normal conditions
Ambegaon,19.0,73.7167,2025-08-22,0,0.17758567763276112,Low,High,0.0,11.265714285714283,2025-08-20 13:24,Normal conditions
Ambegaon,19.0,73.7167,2025-08-23,0,0.20691141813634578,Medium,High,2.5,13.354285714285712,2025-08-20 13:24,Normal conditions
Ambegaon,19.0,73.7167,2025-08-24,0,0.19238240566798667,Low,High,0.3,15.44285714285714,2025-08-20 13:24,Normal conditions
Ambegaon,19.0,73.7167,2025-08-25,0,0.1498121356009848,Low,High,3.0,17.531428571428567,2025-08-20 13:24,Normal conditions
Ambegaon,19.0,73.7167,2025-08-26,0,0.12102142857283113,Low,High,16.5,19.619999999999997,2025-08-20 13:24,Normal conditions
Junnar,19.2,73.8833,2025-08-20,0,0.2540789149540865,Medium,High,21.5,7.088571428571428,2025-08-20 13:24,Normal conditions
Junnar,19.2,73.8833,2025-08-21,0,0.19478634478993279,Low,High,0.0,9.177142857142856,2025-08-20 13:24,Normal conditions
Junnar,19.2,73.8833,2025-08-22,0,0.20492324627589867,Medium,High,0.0,11.265714285714283,2025-08-20 13:24,Normal conditions
Junnar,19.2,73.8833,2025-08-23,0,0.1912487792126117,Low,High,0.9,13.354285714285712,2025-08-20 13:24,Normal conditions
Junnar,19.2,73.8833,2025-08-24,0,0.20403719585009275,Medium,High,0.0,15.44285714285714,2025-08-20 13:24,Normal conditions
Junnar,19.2,73.8833,2025-08-25,0,0.147938394250371,Low,High,0.0,17.531428571428567,2025-08-20 13:24,Normal conditions
Junnar,19.2,73.8833,2025-08-26,0,0.13966312029491232,Low,High,25.5,19.619999999999997,2025-08-20 13:24,Normal conditions
Narayangaon,19.1,73.9833,2025-08-20,0,0.19976228394888632,Low,High,6.1,7.088571428571428,2025-08-20 13:24,Normal conditions
Narayangaon,19.1,73.9833,2025-08-21,0,0.21213482963841762,Medium,High,0.0,9.177142857142856,2025-08-20 13:24,Normal conditions
Narayangaon,19.1,73.9833,2025-08-22,0,0.22492324627589866,Medium,High,0.0,11.265714285714283,2025-08-20 13:24,Normal conditions
Narayangaon,19.1,73.9833,2025-08-23,0,0.1960496597094761,Low,High,0.0,13.354285714285712,2025-08-20 13:24,Normal conditions
Narayangaon,19.1,73.9833,2025-08-24,0,0.19529678809769066,Low,High,0.0,15.44285714285714,2025-08-20 13:24,Normal conditions
Narayangaon,19.1,73.9833,2025-08-25,0,0.17236877399720643,Low,High,0.0,17.531428571428567,2025-08-20 13:24,Normal conditions
Narayangaon,19.1,73.9833,2025-08-26,0,0.12462566109399587,Low,High,1.8,19.619999999999997,2025-08-20 13:24,Normal conditions
Manchar,19.0333,73.9167,2025-08-20,0,0.22485750234314944,Medium,High,8.2,7.088571428571428,2025-08-20 13:24,Normal conditions
Manchar,19.0333,73.9167,2025-08-21,0,0.19069103544400773,Low,High,0.0,9.177142857142856,2025-08-20 13:24,Normal conditions
Manchar,19.0333,73.9167,2025-08-22,0,0.19302764380793203,Low,High,0.0,11.265714285714283,2025-08-20 13:24,Normal conditions
Manchar,19.0333,73.9167,2025-08-23,0,0.18683842976295204,Low,High,0.0,13.354285714285712,2025-08-20 13:24,Normal conditions
Manchar,19.0333,73.9167,2025-08-24,0,0.2084675755969282,Medium,High,0.3,15.44285714285714,2025-08-20 13:24,Normal conditions
Manchar,19.0333,73.9167,2025-08-25,0,0.1408883997609237,Low,High,0.9,17.531428571428567,2025-08-20 13:24,Normal conditions
Manchar,19.0333,73.9167,2025-08-26,0,0.12909823493365832,Low,High,4.2,19.619999999999997,2025-08-20 13:24,Normal conditions
Ghodegaon,18.6667,73.7667,2025-08-20,0,0.25906703846952595,Medium,High,23.6,7.088571428571428,2025-08-20 13:24,Normal conditions
Ghodegaon,18.6667,73.7667,2025-08-21,0,0.19567915895944715,Low,High,0.0,9.177142857142856,2025-08-20 13:24,Normal conditions
Ghodegaon,18.6667,73.7667,2025-08-22,0,0.20846757559692822,Medium,High,0.0,11.265714285714283,2025-08-20 13:24,Normal conditions
Ghodegaon,18.6667,73.7667,2025-08-23,0,0.1983306741109623,Low,High,0.0,13.354285714285712,2025-08-20 13:24,Normal conditions
Ghodegaon,18.6667,73.7667,2025-08-24,0,0.19884111741872018,Low,High,0.0,15.44285714285714,2025-08-20 13:24,Normal conditions
Ghodegaon,18.6667,73.7667,2025-08-25,0,0.1515702179427419,Low,High,0.0,17.531428571428567,2025-08-20 13:24,Normal conditions
Ghodegaon,18.6667,73.7667,2025-08-26,0,0.11487208743081062,Low,High,10.5,19.619999999999997,2025-08-20 13:24,Normal conditions
Shirur,18.8167,74.3667,2025-08-20,0,0.19976228394888632,Low,High,3.7,7.088571428571428,2025-08-20 13:24,Normal conditions
Shirur,18.8167,74.3667,2025-08-21,0,0.22250837146020966,Medium,High,0.2,9.177142857142856,2025-08-20 13:24,Normal conditions
Shirur,18.8167,74.3667,2025-08-22,0,0.24670211087121893,Medium,High,0.0,11.265714285714283,2025-08-20 13:24,Normal conditions
Shirur,18.8167,74.3667,2025-08-23,0,0.22027208454037842,Medium,High,0.0,13.354285714285712,2025-08-20 13:24,Normal conditions
Shirur,18.8167,74.3667,2025-08-24,0,0.22027208454037842,Medium,High,0.0,15.44285714285714,2025-08-20 13:24,Normal conditions
Shirur,18.8167,74.3667,2025-08-25,0,0.18177445018672964,Low,High,0.3,17.531428571428567,2025-08-20 13:24,Normal conditions
Shirur,18.8167,74.3667,2025-08-26,0,0.14794319663901953,Low,High,5.7,19.619999999999997,2025-08-20 13:24,Normal conditions
Daund,18.4667,74.5833,2025-08-20,0,0.23735888385675527,Medium,High,1.5,7.088571428571428,2025-08-20 13:24,Normal conditions
Daund,18.4667,74.5833,2025-08-21,0,0.22546816297175098,Medium,High,0.0,9.177142857142856,2025-08-20 13:24,Normal conditions
Daund,18.4667,74.5833,2025-08-22,0,0.21259393347475403,Medium,High,0.0,11.265714285714283,2025-08-20 13:24,Normal conditions
Daund,18.4667,74.5833,2025-08-23,0,0.2360106087177899,Medium,High,0.0,13.354285714285712,2025-08-20 13:24,Normal conditions
Daund,18.4667,74.5833,2025-08-24,0,0.23081453028641732,Medium,High,0.0,15.44285714285714,2025-08-20 13:24,Normal conditions
Daund,18.4667,74.5833,2025-08-25,0,0.15958035735972542,Low,High,0.0,17.531428571428567,2025-08-20 13:24,Normal conditions
Daund,18.4667,74.5833,2025-08-26,0,0.15185440606751036,Low,High,1.2,19.619999999999997,2025-08-20 13:24,Normal conditions
Indapur,18.1167,75.0167,2025-08-20,0,0.20934874443977178,Medium,High,1.0,7.088571428571428,2025-08-20 13:24,Normal conditions
Indapur,18.1167,75.0167,2025-08-21,0,0.21355407840229024,Medium,High,0.2,9.177142857142856,2025-08-20 13:24,Normal conditions
Indapur,18.1167,75.0167,2025-08-22,0,0.2132696378398735,Medium,High,0.0,11.265714285714283,2025-08-20 13:24,Normal conditions
Indapur,18.1167,75.0167,2025-08-23,0,0.21591146901977776,Medium,High,0.0,13.354285714285712,2025-08-20 13:24,Normal conditions
Indapur,18.1167,75.0167,2025-08-24,0,0.20883925809303802,Medium,High,0.0,15.44285714285714,2025-08-20 13:24,Normal conditions
Indapur,18.1167,75.0167,2025-08-25,0,0.15002366340775217,Low,High,0.0,17.531428571428567,2025-08-20 13:24,Normal conditions
Indapur,18.1167,75.0167,2025-08-26,0,0.16076704362561917,Low,High,3.0,19.619999999999997,2025-08-20 13:24,Normal conditions
Purandar,18.3,73.9833,2025-08-20,0,0.22276373096023827,Medium,High,9.0,7.088571428571428,2025-08-20 13:24,Normal conditions
Purandar,18.3,73.9833,2025-08-21,0,0.20100235287579696,Medium,High,1.8,9.177142857142856,2025-08-20 13:24,Normal conditions
Purandar,18.3,73.9833,2025-08-22,0,0.18901249229278047,Low,High,0.2,11.265714285714283,2025-08-20 13:24,Normal conditions
Purandar,18.3,73.9833,2025-08-23,0,0.18106457726579972,Low,High,0.0,13.354285714285712,2025-08-20 13:24,Normal conditions
Purandar,18.3,73.9833,2025-08-24,0,0.18193059739442988,Low,High,0.0,15.44285714285714,2025-08-20 13:24,Normal conditions
Purandar,18.3,73.9833,2025-08-25,0,0.13380650486257312,Low,High,0.6,17.531428571428567,2025-08-20 13:24,Normal conditions
Purandar,18.3,73.9833,2025-08-26,0,0.11487208743081062,Low,High,2.4,19.619999999999997,2025-08-20 13:24,Normal conditions
Velhe,18.2833,73.6167,2025-08-20,0,0.2425365988969916,Medium,High,76.8,7.088571428571428,2025-08-20 13:24,Moderate rainfall 76.8mm
Velhe,18.2833,73.6167,2025-08-21,0,0.21049853888451708,Medium,High,14.6,9.177142857142856,2025-08-20 13:24,Normal conditions
Velhe,18.2833,73.6167,2025-08-22,0,0.20434919774249657,Medium,High,5.5,11.265714285714283,2025-08-20 13:24,Normal conditions
Velhe,18.2833,73.6167,2025-08-23,0,0.18923699981384295,Low,High,9.9,13.354285714285712,2025-08-20 13:24,Normal conditions
Velhe,18.2833,73.6167,2025-08-24,0,0.1918885149653581,Low,High,10.5,15.44285714285714,2025-08-20 13:24,Normal conditions
Velhe,18.2833,73.6167,2025-08-25,0,0.1643933542234712,Low,High,19.5,17.531428571428567,2025-08-20 13:24,Normal conditions
Velhe,18.2833,73.6167,2025-08-26,0,0.15809285376858964,Low,High,39.0,19.619999999999997,2025-08-20 13:24,Normal conditions
Mulshi,18.5333,73.5,2025-08-20,0,0.24819080239211475,Medium,High,58.0,9.870000000000001,2025-08-20 13:24,Moderate rainfall 58.0mm
Mulshi,18.5333,73.5,2025-08-21,0,0.2189808895054173,Medium,High,10.1,14.740000000000004,2025-08-20 13:24,Normal conditions
Mulshi,18.5333,73.5,2025-08-22,0,0.14276301802533437,Low,High,4.7,19.610000000000007,2025-08-20 13:24,Normal conditions
Mulshi,18.5333,73.5,2025-08-23,0,0.15613574690020673,Low,High,6.7,24.480000000000008,2025-08-20 13:24,Normal conditions
Mulshi,18.5333,73.5,2025-08-24,0,0.09276801352149405,Low,High,6.6,29.35000000000001,2025-08-20 13:24,Normal conditions
Mulshi,18.5333,73.5,2025-08-25,0,0.1302089210529825,Low,High,18.3,34.22000000000001,2025-08-20 13:24,Normal conditions
Mulshi,18.5333,73.5,2025-08-26,0,0.22124530970207407,Medium,High,52.8,39.09000000000001,2025-08-20 13:24,Moderate rainfall 52.8mm
Haveli,18.4167,73.8167,2025-08-20,0,0.21257829175757348,Medium,High,15.8,7.088571428571428,2025-08-20 13:24,Normal conditions
Haveli,18.4167,73.8167,2025-08-21,0,0.20581606044541303,Medium,High,0.0,9.177142857142856,2025-08-20 13:24,Normal conditions
Haveli,18.4167,73.8167,2025-08-22,0,0.2046149699158725,Medium,High,0.0,11.265714285714283,2025-08-20 13:24,Normal conditions
Haveli,18.4167,73.8167,2025-08-23,0,0.18781140176323993,Low,High,0.0,13.354285714285712,2025-08-20 13:24,Normal conditions
Haveli,18.4167,73.8167,2025-08-24,0,0.17972770643754254,Low,High,0.0,15.44285714285714,2025-08-20 13:24,Normal conditions
Haveli,18.4167,73.8167,2025-08-25,0,0.14889853917790724,Low,High,0.0,17.531428571428567,2025-08-20 13:24,Normal conditions
Haveli,18.4167,73.8167,2025-08-26,0,0.11352861468049376,Low,High,2.1,19.619999999999997,2025-08-20 13:24,Normal conditions
Maval,18.7167,73.5333,2025-08-20,0,0.23098820153247474,Medium,High,50.5,7.088571428571428,2025-08-20 13:24,Moderate rainfall 50.5mm
Maval,18.7167,73.5333,2025-08-21,0,0.21312847465214713,Medium,High,2.1,9.177142857142856,2025-08-20 13:24,Normal conditions
Maval,18.7167,73.5333,2025-08-22,0,0.17136966954689697,Low,High,0.2,11.265714285714283,2025-08-20 13:24,Normal conditions
Maval,18.7167,73.5333,2025-08-23,0,0.1845759915185024,Low,High,4.9,13.354285714285712,2025-08-20 13:24,Normal conditions
Maval,18.7167,73.5333,2025-08-24,0,0.18190431275366775,Low,High,3.3,15.44285714285714,2025-08-20 13:24,Normal conditions
Maval,18.7167,73.5333,2025-08-25,0,0.13316244846870867,Low,High,4.2,17.531428571428567,2025-08-20 13:24,Normal conditions
Maval,18.7167,73.5333,2025-08-26,0,0.13966312029491232,Low,High,20.4,19.619999999999997,2025-08-20 13:24,Normal conditions
Kankavli,16.2667,73.7,2025-08-20,0,0.2645014387485501,Medium,High,27.8,5.317142857142856,2025-08-20 13:24,Normal conditions
Kankavli,16.2667,73.7,2025-08-21,0,0.21342706704056236,Medium,High,8.1,5.634285714285712,2025-08-20 13:24,Normal conditions
Kankavli,16.2667,73.7,2025-08-22,0,0.21489765527585653,Medium,High,3.7,5.951428571428567,2025-08-20 13:24,Normal conditions
Kankavli,16.2667,73.7,2025-08-23,0,0.23131789560570837,Medium,High,3.1,6.2685714285714225,2025-08-20 13:24,Normal conditions
Kankavli,16.2667,73.7,2025-08-24,0,0.22318064070374766,Medium,High,2.7,6.585714285714278,2025-08-20 13:24,Normal conditions
Kankavli,16.2667,73.7,2025-08-25,0,0.21489765527585653,Medium,High,4.8,6.902857142857134,2025-08-20 13:24,Normal conditions
Kankavli,16.2667,73.7,2025-08-26,0,0.2409606653325765,Medium,High,44.1,7.21999999999999,2025-08-20 13:24,Moderate rainfall 44.1mm
Kudal,16.0167,73.6833,2025-08-20,0,0.28078101196987176,Medium,High,23.6,5.317142857142856,2025-08-20 13:24,Normal conditions
Kudal,16.0167,73.6833,2025-08-21,0,0.23808807533590298,Medium,High,10.8,5.634285714285712,2025-08-20 13:24,Normal conditions
Kudal,16.0167,73.6833,2025-08-22,0,0.23597890390104898,Medium,High,5.2,5.951428571428567,2025-08-20 13:24,Normal conditions
Kudal,16.0167,73.6833,2025-08-23,0,0.2703401600440438,Medium,High,3.1,6.2685714285714225,2025-08-20 13:24,Normal conditions
Kudal,16.0167,73.6833,2025-08-24,0,0.24367349337737712,Medium,High,3.6,6.585714285714278,2025-08-20 13:24,Normal conditions
Kudal,16.0167,73.6833,2025-08-25,0,0.26699102892240084,Medium,High,7.5,6.902857142857134,2025-08-20 13:24,Normal conditions
Kudal,16.0167,73.6833,2025-08-26,0,0.31494012176004443,Medium,Low,48.3,7.21999999999999,2025-08-20 13:24,Moderate rainfall 48.3mm
Sawantwadi,15.9,73.8167,2025-08-20,0,0.260921679078402,Medium,High,39.7,5.317142857142856,2025-08-20 13:24,Normal conditions
Sawantwadi,15.9,73.8167,2025-08-21,0,0.21342706704056236,Medium,High,9.6,5.634285714285712,2025-08-20 13:24,Normal conditions
Sawantwadi,15.9,73.8167,2025-08-22,0,0.21342706704056236,Medium,High,3.5,5.951428571428567,2025-08-20 13:24,Normal conditions
Sawantwadi,15.9,73.8167,2025-08-23,0,0.2115801197308328,Medium,High,3.0,6.2685714285714225,2025-08-20 13:24,Normal conditions
Sawantwadi,15.9,73.8167,2025-08-24,0,0.21489765527585653,Medium,High,4.2,6.585714285714278,2025-08-20 13:24,Normal conditions
Sawantwadi,15.9,73.8167,2025-08-25,0,0.2107553882757277,Medium,High,5.4,6.902857142857134,2025-08-20 13:24,Normal conditions
Sawantwadi,15.9,73.8167,2025-08-26,0,0.23821809990466405,Medium,High,40.8,7.21999999999999,2025-08-20 13:24,Moderate rainfall 40.8mm
Dodamarg,15.7333,73.8167,2025-08-20,0,0.33977994952285895,Medium,Medium,56.8,5.317142857142856,2025-08-20 13:24,Moderate rainfall 56.8mm
Dodamarg,15.7333,73.8167,2025-08-21,0,0.23957640818258288,Medium,High,17.3,5.634285714285712,2025-08-20 13:24,Normal conditions
Dodamarg,15.7333,73.8167,2025-08-22,0,0.23119078012073113,Medium,High,5.0,5.951428571428567,2025-08-20 13:24,Normal conditions
Dodamarg,15.7333,73.8167,2025-08-23,0,0.24032436225573414,Medium,High,6.3,6.2685714285714225,2025-08-20 13:24,Normal conditions
Dodamarg,15.7333,73.8167,2025-08-24,0,0.23808807533590293,Medium,High,9.3,6.585714285714278,2025-08-20 13:24,Normal conditions
Dodamarg,15.7333,73.8167,2025-08-25,0,0.22823098860918983,Medium,High,12.3,6.902857142857134,2025-08-20 13:24,Normal conditions
Dodamarg,15.7333,73.8167,2025-08-26,0,0.3042937339273448,Medium,Low,56.7,7.21999999999999,2025-08-20 13:24,Moderate rainfall 56.7mm
Vengurla,15.8667,73.6167,2025-08-20,0,0.2592345384809002,Medium,High,43.0,5.317142857142856,2025-08-20 13:24,Moderate rainfall 43.0mm
Vengurla,15.8667,73.6167,2025-08-21,0,0.2485998078473933,Medium,High,12.3,5.634285714285712,2025-08-20 13:24,Normal conditions
Vengurla,15.8667,73.6167,2025-08-22,0,0.2503401600440438,Medium,High,5.3,5.951428571428567,2025-08-20 13:24,Normal conditions
Vengurla,15.8667,73.6167,2025-08-23,0,0.307090168620413,Medium,Medium,3.8,6.2685714285714225,2025-08-20 13:24,Normal conditions
Vengurla,15.8667,73.6167,2025-08-24,0,0.2754348786725624,Medium,High,5.1,6.585714285714278,2025-08-20 13:24,Normal conditions
Vengurla,15.8667,73.6167,2025-08-25,0,0.29543487867256235,Medium,High,8.7,6.902857142857134,2025-08-20 13:24,Normal conditions
Vengurla,15.8667,73.6167,2025-08-26,0,0.29840488119592284,Medium,High,50.4,7.21999999999999,2025-08-20 13:24,Moderate rainfall 50.4mm
Malvan,16.0667,73.4667,2025-08-20,0,0.25297341607430657,Medium,High,37.4,5.317142857142856,2025-08-20 13:24,Normal conditions
Malvan,16.0667,73.4667,2025-08-21,0,0.2404625529454326,Medium,High,11.3,5.634285714285712,2025-08-20 13:24,Normal conditions
Malvan,16.0667,73.4667,2025-08-22,0,0.2770068267107105,Medium,High,4.8,5.951428571428567,2025-08-20 13:24,Normal conditions
Malvan,16.0667,73.4667,2025-08-23,0,0.307090168620413,Medium,Medium,4.7,6.2685714285714225,2025-08-20 13:24,Normal conditions
Malvan,16.0667,73.4667,2025-08-24,0,0.26712921961209923,Medium,High,2.7,6.585714285714278,2025-08-20 13:24,Normal conditions
Malvan,16.0667,73.4667,2025-08-25,0,0.2704467551571229,Medium,High,5.7,6.902857142857134,2025-08-20 13:24,Normal conditions
Malvan,16.0667,73.4667,2025-08-26,0,0.28329619381680177,Medium,High,51.3,7.21999999999999,2025-08-20 13:24,Moderate rainfall 51.3mm
Devgad,16.3833,73.3833,2025-08-20,0,0.2596400827409733,Medium,High,35.0,5.317142857142856,2025-08-20 13:24,Normal conditions
Devgad,16.3833,73.3833,2025-08-21,0,0.22745887861849487,Medium,High,11.6,5.634285714285712,2025-08-20 13:24,Normal conditions
Devgad,16.3833,73.3833,2025-08-22,0,0.28764476928787613,Medium,High,5.0,5.951428571428567,2025-08-20 13:24,Normal conditions
Devgad,16.3833,73.3833,2025-08-23,0,0.26545067646087195,Medium,High,6.1,6.2685714285714225,2025-08-20 13:24,Normal conditions
Devgad,16.3833,73.3833,2025-08-24,0,0.24598829038320078,Medium,High,4.5,6.585714285714278,2025-08-20 13:24,Normal conditions
Devgad,16.3833,73.3833,2025-08-25,0,0.24598829038320072,Medium,High,5.4,6.902857142857134,2025-08-20 13:24,Normal conditions
Devgad,16.3833,73.3833,2025-08-26,0,0.27397801199861993,Medium,High,52.2,7.21999999999999,2025-08-20 13:24,Moderate rainfall 52.2mm
Vaibhavwadi,16.5167,73.7333,2025-08-20,0,0.28736037022298194,Medium,High,25.7,5.317142857142856,2025-08-20 13:24,Normal conditions
Vaibhavwadi,16.5167,73.7333,2025-08-21,0,0.22009373370722904,Medium,High,9.2,5.634285714285712,2025-08-20 13:24,Normal conditions
Vaibhavwadi,16.5167,73.7333,2025-08-22,0,0.22009373370722907,Medium,High,4.1,5.951428571428567,2025-08-20 13:24,Normal conditions
Vaibhavwadi,16.5167,73.7333,2025-08-23,0,0.22688751585887293,Medium,High,3.3,6.2685714285714225,2025-08-20 13:24,Normal conditions
Vaibhavwadi,16.5167,73.7333,2025-08-24,0,0.22699102892240083,Medium,High,3.3,6.585714285714278,2025-08-20 13:24,Normal conditions
Vaibhavwadi,16.5167,73.7333,2025-08-25,0,0.21342706704056236,Medium,High,6.0,6.902857142857134,2025-08-20 13:24,Normal conditions
Vaibhavwadi,16.5167,73.7333,2025-08-26,0,0.24408133504268542,Medium,High,50.7,7.21999999999999,2025-08-20 13:24,Moderate rainfall 50.7mm
